patient_id,timestamp,temperature,heart_rate,fall_detected
P000001,2026-04-24 08:00,37.2,75,False
P000001,2026-04-24 09:00,37.1,76,False
P000001,2026-04-24 10:00,37.3,77,False
P000001,2026-04-24 11:00,37.2,75,False
P000001,2026-04-24 12:00,37.4,78,False
P000001,2026-04-24 13:00,37.1,76,False
P000001,2026-04-24 14:00,37.3,77,False
P000002,2026-04-24 08:00,36.9,72,False
P000002,2026-04-24 09:00,37.0,73,False
P000002,2026-04-24 10:00,36.8,71,False
P000002,2026-04-24 11:00,37.1,74,False
P000002,2026-04-24 12:00,37.0,72,False
P000002,2026-04-24 13:00,36.9,71,False
P000002,2026-04-24 14:00,37.0,72,False
P000003,2026-04-24 08:00,37.5,80,False
P000003,2026-04-24 09:00,37.4,81,False
P000003,2026-04-24 10:00,37.6,82,False
P000003,2026-04-24 11:00,37.5,81,False
P000003,2026-04-24 12:00,37.7,83,False
P000003,2026-04-24 13:00,37.6,82,False
P000003,2026-04-24 14:00,37.5,81,False
P000004,2026-04-24 08:00,37.8,95,False
P000004,2026-04-24 09:00,38.1,102,False
P000004,2026-04-24 10:00,38.5,110,False
P000004,2026-04-24 11:00,38.7,115,False
P000004,2026-04-24 12:00,38.6,118,False
P000004,2026-04-24 13:00,38.4,112,False
P000004,2026-04-24 14:00,38.2,108,False
P000004,2026-04-24 15:00,38.0,105,False
P000005,2026-04-24 08:00,38.2,108,False
P000005,2026-04-24 09:00,38.5,115,False
P000005,2026-04-24 10:00,38.9,120,False
P000005,2026-04-24 11:00,39.1,125,False
P000005,2026-04-24 12:00,39.2,128,False
P000005,2026-04-24 13:00,38.8,118,False
P000005,2026-04-24 14:00,38.4,112,False
P000005,2026-04-24 15:00,38.0,105,False
P000006,2026-04-24 08:00,37.2,88,True
P000006,2026-04-24 09:00,37.3,92,False
P000006,2026-04-24 10:00,37.4,94,False
P000006,2026-04-24 11:00,37.5,96,False
P000006,2026-04-24 12:00,37.4,93,False
P000006,2026-04-24 13:00,37.2,89,False
P000006,2026-04-24 14:00,37.1,85,False
P000007,2026-04-24 08:00,38.0,105,False
P000007,2026-04-24 09:00,38.1,110,False
P000007,2026-04-24 10:00,38.2,112,False
P000007,2026-04-24 11:00,38.3,115,False
P000007,2026-04-24 12:00,38.1,108,False
P000007,2026-04-24 13:00,37.9,100,False
P000007,2026-04-24 14:00,37.7,95,False
P000008,2026-04-24 08:00,37.1,72,False
P000008,2026-04-24 09:00,37.2,73,False
P000008,2026-04-24 10:00,37.0,71,False
P000008,2026-04-24 11:00,37.3,74,False
P000008,2026-04-24 12:00,37.1,72,False
P000008,2026-04-24 13:00,37.2,73,False
P000008,2026-04-24 14:00,37.0,71,False
P000009,2026-04-24 08:00,37.3,88,True
P000009,2026-04-24 09:00,37.4,90,False
P000009,2026-04-24 10:00,37.5,92,False
P000009,2026-04-24 11:00,37.4,90,False
P000009,2026-04-24 12:00,37.3,88,False
P000009,2026-04-24 13:00,37.2,86,False
P000009,2026-04-24 14:00,37.1,84,False
P000010,2026-04-24 08:00,38.3,118,False
P000010,2026-04-24 09:00,38.5,122,False
P000010,2026-04-24 10:00,38.7,125,False
P000010,2026-04-24 11:00,38.8,128,False
P000010,2026-04-24 12:00,38.6,125,False
P000010,2026-04-24 13:00,38.4,120,False
P000010,2026-04-24 14:00,38.1,115,False
